file_name	cdn_link
CO3D_apple.zip	https://scontent.xx.fbcdn.net/m1/v/t6/An8XvLDEMqb-BTRh8P8GTLACcot7UbhvyT5CEQwkCISoAMzxSFKYekeFQsgz4gshsD5MQjpDd8Z3e6k.zip?ccb=10-5&oh=00_AT8vShUChytNWiBl1D-FrUtcSxSYbqV2ctMsgzbNPZKmAA&oe=61D65041&_nc_sid=857daf
CO3D_backpack.zip	https://scontent.xx.fbcdn.net/m1/v/t6/An9tuoX9om1PADhETGzMSNe7Bthvc2Y0GemkDS6iOf6H5v23DwIDnUg2RBEI-lZDymmv8zTfXOf27ZE.zip?ccb=10-5&oh=00_AT_IBK6M4o6E9TklRdnd3TbnWjsLwk6ApHZWKlfj006Rig&oe=61D649A8&_nc_sid=857daf
CO3D_ball.zip	https://scontent.xx.fbcdn.net/m1/v/t6/An9-5Z9v5JrxEbJPXvjXj2NOK8EDn2PoP0GAkQWqF_SvYyaCPlL_8GptghMj5qLIn78mCGcCyXB1xus.zip?ccb=10-5&oh=00_AT8rGIwhrpb19l6JVbnGF65UEPbnfnsuuFhRhsIYTWYT_g&oe=61D5E864&_nc_sid=857daf
CO3D_banana.zip	https://scontent.xx.fbcdn.net/m1/v/t6/An-XJ9Z5cHBVAk5QfVB7jP7yUkDtsav-0QNnidve2VMjCy4eG_82T-Di6XoqSJk6D6N6OPWwTSWSm4M.zip?ccb=10-5&oh=00_AT_at6r19OxQ6_mDaTXzMlRv4g0TuPmb0DLi2Aacu84_FA&oe=61D5C45B&_nc_sid=857daf
CO3D_baseballbat.zip	https://scontent.xx.fbcdn.net/m1/v/t6/An_2DYLIwKQUPjZi6t6z6BgSJmFK0dX1ca8wagU89sGiKtgDTVB8vgxyP_8Og2FV0c7X6bIkw2GZSko.zip?ccb=10-5&oh=00_AT8KBJoiV7udxbLlZzg0uECXz7qJDpDFMoZa4q3GbBWnNA&oe=61D67373&_nc_sid=857daf
CO3D_baseballglove.zip	https://scontent.xx.fbcdn.net/m1/v/t6/An-z0eeEogCo-X55ogZAdX-jdfzTh2vvUP3Hrb3iFu5whtxeQR-RJzrCP6TX-GAlUYDVDJDcGbrHZEw.zip?ccb=10-5&oh=00_AT_jCPmorWtAsGfTeKv4hJwNcFcxU5sLv8nKTNMga2UW0w&oe=61D6CCB3&_nc_sid=857daf
CO3D_bench.zip	https://scontent.xx.fbcdn.net/m1/v/t6/An-AHTebA2c0jcDW68C-OLGwetIp318PB78DH6zECpRDENyhJMR_UmT724PGCN96kZCfU-D55EE4f7g.zip?ccb=10-5&oh=00_AT-DABV3V75N7kiYi2iWsuN-sEz21BUO-m-Ra8Hjoe6OhQ&oe=61D671AA&_nc_sid=857daf
CO3D_bicycle.zip	https://scontent.xx.fbcdn.net/m1/v/t6/An_yxMNnOqtuFZ_pRFO3xrYL3RPHTITAabDBm7o5pFi151v61Nl_NkE7r3Xr0KJtP6uQXb6KECw_tUo.zip?ccb=10-5&oh=00_AT-rXkfC9Xf8F3t_xEi-ejfnagfh-ERxi30sBz9VrCKvlg&oe=61D5D0DE&_nc_sid=857daf
CO3D_book.zip	https://scontent.xx.fbcdn.net/m1/v/t6/An-_AnViep6rrx4s4oroF5XXg2Cn0AkmAL-fTW_BdHADd1rS_NS6ZiXzsE1SbZSXDvS7uSa8q7Sq0tU.zip?ccb=10-5&oh=00_AT-421RN8rxTV3dO2YtZzL_1Kq4steNVzz8nwVkzh7Pm_w&oe=61D6E676&_nc_sid=857daf
CO3D_bottle.zip	https://scontent.xx.fbcdn.net/m1/v/t6/An8Gjd7YvhO3xati76eQNp5NLocUjauuxj3tG31IsIN9HbPaEluie3wBUNavf9LcuzjXHIxDRY5gqG8.zip?ccb=10-5&oh=00_AT99tDV7xOAqIzwLcAqzD8-ccx0x0u9cfO8LJU_fhvhnFA&oe=61D734B3&_nc_sid=857daf
CO3D_bowl.zip	https://scontent.xx.fbcdn.net/m1/v/t6/An_FYcnKej9nLUbe0Jd3koEkMQWktwoEI-v5ZBr3EwpP_kX6-jDEaBsMpaTzEPz4cow-yGkgcc8_LEM.zip?ccb=10-5&oh=00_AT9JrFDMjOZaaaX_YMvXrMyQLXu6d9iYuniWcozQLLkXkA&oe=61D6A353&_nc_sid=857daf
CO3D_broccoli.zip	https://scontent.xx.fbcdn.net/m1/v/t6/An9ZrRvmfOBsGIYPA0yJSH9qoDS1ZLYRQc0wUyKLyEWd4L9NqsdkRkuRF6v16fTS1Ii6UK_lcoABaPA.zip?ccb=10-5&oh=00_AT-d4G2AcYSMZ6pVeaNjYAv9OfmqIKv0CRgYnVwuTlRXmQ&oe=61D69341&_nc_sid=857daf
CO3D_cake.zip	https://scontent.xx.fbcdn.net/m1/v/t6/An98QCK_b6Fv-y9R2HkVqXd_lKQAyhmFFMUk8GFcqkLAJeTYrVSTTSeXRjKNdx6BoPJuuGdDMCKB1sI.zip?ccb=10-5&oh=00_AT-WhWIcui5JUGkyI02Yuj-AYOBv-czSmg1qP84d3QZVtA&oe=61D5C159&_nc_sid=857daf
CO3D_car.zip	https://scontent.xx.fbcdn.net/m1/v/t6/An98tCX9KBz5BjK_7K1986CpT8nphnXKY4DY0bQ1gyDE704PAaqRn2FSt9V-afBlqAZt4iFjPEWLDn8.zip?ccb=10-5&oh=00_AT8CwESXeQiEXWVMXReWV8OBB-TpwwuIk8N4RFG1DyM_qw&oe=61D60B8B&_nc_sid=857daf
CO3D_carrot.zip	https://scontent.xx.fbcdn.net/m1/v/t6/An82vL6KBoRxPdp94r-XkpreBzoQQoxjYAK0GcMqkg0Ia6uIJHi662xsz427-ElFrvbYwa2zDVBKsYE.zip?ccb=10-5&oh=00_AT_eOJ6I4nTqOD8vne_uFSc858ZLQ6MprmGC9ks8UdIotQ&oe=61D67530&_nc_sid=857daf
CO3D_cellphone.zip	https://scontent.xx.fbcdn.net/m1/v/t6/An91YUA401xkyXPOHCCGbpEkUt7c03ZDMFRBVLO5U45z9LrzMoJkqL6LI8pZDji4aWNssCZjQbDD-SY.zip?ccb=10-5&oh=00_AT-IPqsldL7ch65uhBLOnqxR8MWZrvUd81MIDnj6r0X_Ng&oe=61D6EC77&_nc_sid=857daf
CO3D_chair.zip	https://scontent.xx.fbcdn.net/m1/v/t6/An8f4eCEbi5_6nAmsSGO8r8PYsHGFHFJq78vOeVg5EAMZOCKHXVm1PORFAKZwGD_busWtsqzEqLohQk.zip?ccb=10-5&oh=00_AT9suYhKhllcD5C1aHC77NbJx2xsNNyHGdidRbQyhz7zfA&oe=61D5D9A2&_nc_sid=857daf
CO3D_couch.zip	https://scontent.xx.fbcdn.net/m1/v/t6/An_TF5JUAJ0Rod3URzjzmnj3Xjbc8ZKfAPXN1-gHA6Q-4jwqc-aAa1VkePAIecY8ERScRaM0KEJKiBc.zip?ccb=10-5&oh=00_AT-0fLXEwABJqmS63fOvnVvKYGWToyxd8R27Hw8hW8BQxQ&oe=61D70E14&_nc_sid=857daf
CO3D_cup.zip	https://scontent.xx.fbcdn.net/m1/v/t6/An_h1UxwxB3tkSK-b0mxWt6IxzTt1EsHxCRGfKnNdnhXVTwIKwf5ItOVa1mrm9CbHMDj_kIOlcAorTI.zip?ccb=10-5&oh=00_AT-JeGx_cWbZ1atzOolFvcRBtvWNNkuqZOXy3vmYFDSXVQ&oe=61D694D1&_nc_sid=857daf
CO3D_donut.zip	https://scontent.xx.fbcdn.net/m1/v/t6/An_epch7BXx2sWJhJlwD-BWWX1LsOgGQZsDc6-TR3RhvFnFQBgp0ifEytwBbTUT0KKZE1U6Iva8YHpQ.zip?ccb=10-5&oh=00_AT-xA0kH9fW8MC15RztYPJC9dvL-EcXDSfXzsylpp5kIwA&oe=61D64924&_nc_sid=857daf
CO3D_frisbee.zip	https://scontent.xx.fbcdn.net/m1/v/t6/An_6Sm3bBANALwdKfEhpdJ8SWZnyPdxUZLTwYkrYNwJ3M6kakuyG7fTouQry_ZLG_Zp8ogiawI4Oq5s.zip?ccb=10-5&oh=00_AT9pt0XaJWTPaUagB31cP9PI94ZBA6KxQznd_qtad61jag&oe=61D62B35&_nc_sid=857daf
CO3D_hairdryer.zip	https://scontent.xx.fbcdn.net/m1/v/t6/An97pFSqa7cA2PEh4zYY3Fk0C7s8UH10xEkHA0FBbyPLCRUuTBgqOUMHW7lxDyCQhO34BpE6rs9BWOg.zip?ccb=10-5&oh=00_AT_OTW8OYF5o2lNHUXA2aw46x9gIvqfTJa0PgMJs6R1leQ&oe=61D5C343&_nc_sid=857daf
CO3D_handbag.zip	https://scontent.xx.fbcdn.net/m1/v/t6/An_D6K_-xPZPS9IBFNNxQeIb-0MwNjT2xpIfZmN9Sa3SCILTrBZD0ryMOpLFZZWYqAqdVbBN7KNXXNg.zip?ccb=10-5&oh=00_AT9lIgpSKzyQJl5zPij2ZKKy7myg1Yt20N9e7be-MRao_w&oe=61D5AB69&_nc_sid=857daf
CO3D_hotdog.zip	https://scontent.xx.fbcdn.net/m1/v/t6/An-yTKYl2wolDucslAQVa68QE-AKot-Rq9mdOAohBzFz6YrBLUAo4ZQAMacB7gozkrhlNNTLjcL0FTk.zip?ccb=10-5&oh=00_AT--RSCLVHyivtGGi-ZH8N-5Rc1Upv6FQHvNPbDmcn5Khw&oe=61D6F569&_nc_sid=857daf
CO3D_hydrant.zip	https://scontent.xx.fbcdn.net/m1/v/t6/An-JSCVfZrvfqaN-EfVhEXqE1qEhTt18Bnx_XfI57hgE_DNYG1-OpK6HnsW0gdYXPjjEQ2bs_zADZpc.zip?ccb=10-5&oh=00_AT8IKOdS-xkXEQmiL53IKgdgoJsZf515vPkiSdVI_SktNw&oe=61D6753E&_nc_sid=857daf
CO3D_keyboard.zip	https://scontent.xx.fbcdn.net/m1/v/t6/An904erHp2vzIylUd2e8su-lTg5ZCTXx2qhwjE2-PjsVOqNQwdOhKmGrv9DRxmdeEZpxA38qa2tB4nw.zip?ccb=10-5&oh=00_AT-s6AL521EuklSCj_z9r5c9T36qVwPn4WOZ-CS81PNBiw&oe=61D6051F&_nc_sid=857daf
CO3D_kite.zip	https://scontent.xx.fbcdn.net/m1/v/t6/An9vTOSkNrb9D1I4X4plECBKnhFCxU8B9slBo7NWPl-lKSWPuazpeUIjqESdJrlL1caZeEk8SoToYjY.zip?ccb=10-5&oh=00_AT-ZG3G7AvginJxS1uZnPqncV4G2I31pf0PSxlvn4rdluQ&oe=61D5DAE3&_nc_sid=857daf
CO3D_laptop.zip	https://scontent.xx.fbcdn.net/m1/v/t6/An99LeDdmS3DTngSF-F9eJ5hMf2duomCr6rf_jkvEevaL2VQFa5MeVaM3aBHxdcc5saoQDc-hICCjSo.zip?ccb=10-5&oh=00_AT-DEStdTYfUKL-9bLDH2pegDPKVjs9N7nH4yc9gPH8UFg&oe=61D557CD&_nc_sid=857daf
CO3D_microwave.zip	https://scontent.xx.fbcdn.net/m1/v/t6/An8arK9F6bj6RW2oZQOKwEaXvVEC3Iw5jFjYgcigo7EhEdVugDsKuSGCyj6rcChJa3RITUdyC0klCA4.zip?ccb=10-5&oh=00_AT-azsK0ynkVRBLVlSA3GHJ2LID1lfPq54et6ftzRaXwJw&oe=61D7106F&_nc_sid=857daf
CO3D_motorcycle.zip	https://scontent.xx.fbcdn.net/m1/v/t6/An9Ks8VUFlUt9rko2SfcBXX8Nj_tBB1yKvTDC7mCR3tDie0x0DBuFNY7P0ZkoB6mnxRf_ZlGn9oPDXE.zip?ccb=10-5&oh=00_AT_2_htH_i8P8KSK2t9ahpO-KcIiMEG-c0ua4Lw9P2nyig&oe=61D5F077&_nc_sid=857daf
CO3D_mouse.zip	https://scontent.xx.fbcdn.net/m1/v/t6/An91w9vMMCGMqKwp66j1zSpauK62I8IghYnSBfziOwKO_mq5VvAGmYQhWwVgFZRcIKsZYzexwJp1Yv8.zip?ccb=10-5&oh=00_AT8CadkyhK5AXHF6wiC0e2PlBjEpZysZkcXWtLL-upBx0w&oe=61D6E170&_nc_sid=857daf
CO3D_orange.zip	https://scontent.xx.fbcdn.net/m1/v/t6/An--2RwpjlOD16hmyuVZqU5Ack-fVPOFqCTXeyGZFwOq6pJQkH4p_wtP0mAl8Q7uCydyqeKmMjdAr9Y.zip?ccb=10-5&oh=00_AT_MKQuNdGGS0Iy-wNVjyrz1o0CVWfzTihqA8N28KWBdKw&oe=61D6AEF7&_nc_sid=857daf
CO3D_parkingmeter.zip	https://scontent.xx.fbcdn.net/m1/v/t6/An-BNWvjgtPXhpVilYGnxH9LTQCphE_jZ87Bhu4mgeJaJ04BgH6Gy5JP7x_CVpve99wBbqR1j2qu4KA.zip?ccb=10-5&oh=00_AT9HnveQIko5n2rmgQgVpg-xpx-ijg95XH031-hM31T3qw&oe=61D5F9DD&_nc_sid=857daf
CO3D_pizza.zip	https://scontent.xx.fbcdn.net/m1/v/t6/An9fNWf4ihM9UJwG55A4iAeOKPZwdyxsiFaZrWTJWtWsQwHJ6x6UChQ_6eugpgVousC6wiK91yQZCmc.zip?ccb=10-5&oh=00_AT-A86Y9mo9UEoRnCDwhmDfQPFAiNjDF5p9_UE6r9oZZbw&oe=61D649CD&_nc_sid=857daf
CO3D_plant.zip	https://scontent.xx.fbcdn.net/m1/v/t6/An9VekimVIh6-DNa_S6qIR8crZZy9OWh3S5YJxYqL3T7cFV7nLlU7j6-DOiFX8xgFqwxBMUzpmusEEY.zip?ccb=10-5&oh=00_AT8Jr5HIW5yfhfbSNRksZtNGOCLxqiIFpHaRABHjnvLhng&oe=61D6E70B&_nc_sid=857daf
CO3D_remote.zip	https://scontent.xx.fbcdn.net/m1/v/t6/An-kXW3lkjs6bWDqIUR7ToVDfR0WuwuKC3oDWDSMluuBYtHwWqKkiCkZowfjmKn9ZGe0EKz9CvMGGEU.zip?ccb=10-5&oh=00_AT-WHOIFfoAGkGsB2e7d0YXKpN9vK6EFGjhc2yARHkQUlg&oe=61D672F6&_nc_sid=857daf
CO3D_sandwich.zip	https://scontent.xx.fbcdn.net/m1/v/t6/An9JXZKKZPYnH4Bkyj5SInk-deg-2qMblhm5ll0pdbJ-Dp7yXJ_pJ_EQv4W0Y4LmbPeHzNaUZs-K0ZI.zip?ccb=10-5&oh=00_AT_URX_lr64IJLforH4LXGbR4oNtHzTb69zfzxX-eYwsHg&oe=61D594C1&_nc_sid=857daf
CO3D_skateboard.zip	https://scontent.xx.fbcdn.net/m1/v/t6/An_tqbhPOmS9WhZgRHm_W6nRaH80fByTKW6ROF7iKtgWgiXFGFfSmVFFJEp_yhbEh5KbZtTs1q3pnlU.zip?ccb=10-5&oh=00_AT8NZ6r3T8SRd57ZX-rIRoHcRY3YE4u0s0agJIECGQoC8Q&oe=61D59929&_nc_sid=857daf
CO3D_stopsign.zip	https://scontent.xx.fbcdn.net/m1/v/t6/An9zKCiGwXWPKb0ndXNJaIvYN-qfnE2yoilQ9m2H8rudpncBiOB2iT4oUWo6HTtLoi9q9-PGLWnmBSE.zip?ccb=10-5&oh=00_AT9d6Y6jg7lMzdlVt4eAHhcAtj6ndPkCmWUaBhJKkfZmCg&oe=61D71FB7&_nc_sid=857daf
CO3D_suitcase.zip	https://scontent.xx.fbcdn.net/m1/v/t6/An-Z2lfQGO14qmPyLPyCI2bJrGcuizSmduphlTuYC9mGF_R7SQ2_8bsI1ikuyvpEij2xw-e56RIDrXs.zip?ccb=10-5&oh=00_AT-ILQJEa7Ci9Ax0WU38sFYWCW-D_sZx5hD_lv5K9naJbg&oe=61D59FE5&_nc_sid=857daf
CO3D_teddybear.zip	https://scontent.xx.fbcdn.net/m1/v/t6/An_YPXAoqUWT3zTqaN1UtvlNdI7G7Y1__IGf90B9UTHa7C4XAjsegvo1S_NzeZz81jm4SXaj4ucCQOA.zip?ccb=10-5&oh=00_AT8WdBmJRdMaa1Qo_J9Az-mW4zQTe4IgFp_qHHMR6uATSw&oe=61D694C7&_nc_sid=857daf
CO3D_toaster.zip	https://scontent.xx.fbcdn.net/m1/v/t6/An8G_TDVPOSMkayETqbgynzbV1iHbjcUopM-QcEVC__Bl6o4BBd9roklbreZpY3xdIn4zVhzdXZpszI.zip?ccb=10-5&oh=00_AT8RnLByxyqKRjSqRbWOln8FiAfRPT_HGSWT3wyRkB9UrQ&oe=61D58355&_nc_sid=857daf
CO3D_toilet.zip	https://scontent.xx.fbcdn.net/m1/v/t6/An9SLFSLANqCoZDyrt2vcNq7rr028SNwbugQj5m9wj3FpA0k5LD_ADjT807flstvmcltR-FciMrvQ28.zip?ccb=10-5&oh=00_AT_3VSF6yUBcl-x--v1gmc1OWujYwyAlhNhsTJe6bIN16A&oe=61D64124&_nc_sid=857daf
CO3D_toybus.zip	https://scontent.xx.fbcdn.net/m1/v/t6/An87DvDg7RAK_WfOZ4nJakY0SvT0ktKT1YY30apzS_YMEkT6rQ-CxexNFkwTqWMtrCYg-BCR-4yCKCg.zip?ccb=10-5&oh=00_AT-qBHv2eaXuX8gqIegX5RFuHD-D4hAiD2dPihlhRLVzbQ&oe=61D6D074&_nc_sid=857daf
CO3D_toyplane.zip	https://scontent.xx.fbcdn.net/m1/v/t6/An8KTc0G0TAXcjqljpq-glujTe0CoBRmlh4dx8bFJ-hM1V13LTvYEq8HGWQoym-dTVzorKlwPuz_M-s.zip?ccb=10-5&oh=00_AT8hNr6gmNg5EAmHBG7qXyYsry_tm4ffhuul5DwKdV3hPQ&oe=61D663C4&_nc_sid=857daf
CO3D_toytrain.zip	https://scontent.xx.fbcdn.net/m1/v/t6/An8QPwP3W6dlZZK7pxDKuuo-IfQdw1GFMr7VXTyHboEP0CilPTsmyAI1xKW6sGhHm_ZOAh9QKkFclb4.zip?ccb=10-5&oh=00_AT9wz0Gnu4RdXmA5JQL1rgSJOhbbI4f_90ibrrEG0R6-wA&oe=61D69618&_nc_sid=857daf
CO3D_toytruck.zip	https://scontent.xx.fbcdn.net/m1/v/t6/An-f43nHdtxbD8HhoFMh1GEWh3Fb_yA6gYnqO2T1KA-iyG1P-9U21Ef41kEWxvDU-swxLyszimgHTlE.zip?ccb=10-5&oh=00_AT_6hlw1I6zNpLi9-JbTsaYr1tFvtXUvURJ_mTOCFUmqbg&oe=61D5FE09&_nc_sid=857daf
CO3D_tv.zip	https://scontent.xx.fbcdn.net/m1/v/t6/An_SLvW6HziM3y3knh9RJvmJmzUImH4cxsL_lhhRRf-EDpDGfjx_uGMPieNrP6lQXrDicHD9QkPU9wQ.zip?ccb=10-5&oh=00_AT_mGrUPAWWnRaNBk7pVT1md87e96BNHoYfW3MeqAJBLPw&oe=61D5CA40&_nc_sid=857daf
CO3D_umbrella.zip	https://scontent.xx.fbcdn.net/m1/v/t6/An97Z5AcZ25SR8Y7gKusfdLT-2jhGNzZJSnWNLqCObXEga6P9BvuJoiT83w10i-1wHPNNAdvXcPeWc4.zip?ccb=10-5&oh=00_AT9zARKlvqotK3zZkSTjDScXCDS9W6VJppaVeFDouaClSw&oe=61D638CF&_nc_sid=857daf
CO3D_vase.zip	https://scontent.xx.fbcdn.net/m1/v/t6/An9jJt2S22oYsUX-q_NM4YXE4uoFuRmrnfOuwBp5x9kRElayuS_EXVzJqzAXaDPX-IPD74CAPAUPy3g.zip?ccb=10-5&oh=00_AT-qZkeVNUVzt2m6zQtpJ5sjU9iaPloXpS9ayWIUxLnVOA&oe=61D5FFF9&_nc_sid=857daf
CO3D_wineglass.zip	https://scontent.xx.fbcdn.net/m1/v/t6/An-45qzhKKmBWax0cb8lolEkS568q6b_nOF0HKcIl1S7s-6f4pLFg9evcInufqrfuXKmvqqOFRv1kPE.zip?ccb=10-5&oh=00_AT8fR9s07exzjrbwPaLu7UFKdzkBDTlnK8ParnjBqLJd_g&oe=61D6A0B3&_nc_sid=857daf